title,price,source
"Fauteuil de bureau ergonomique en lin, siège ergonomique à Roulette 360° , Haut dossier et réglable en hauteur, Gris foncé BIGZZIA",59.99 ,Cdiscount Marketplace
Chaise de bureau ergonomique réglable en Hauteur par levier de levage,182.99 ,ManoMano.fr
Steelcase Le Steelcase Series 2 offre une ergonomie avancée et un confort remarquable,879.0 ,Steelcase FR
IDIMEX Chaise de bureau Jogo assise pivotante,49.95 ,Maisons du Monde Marketplace
Fauteuil de bureau MATIA,84.99 ,But
FlexiSpot Chaise de bureau ergonomique multifonctionnelle fraîche et confortable avec support lombaire sectionnel BS5,199.99 ,FlexiSpot France
Fauteuil de bureau ergonomique avec dossier en maille et revêtement en bali avec base blanche Sahuco Piqueras y Crespo,497.48 ,ManoMano.fr
SWEEEK Chaise de bureau à roulettes décor bois courbé placage effet simili cuir,99.99 ,sweeek
Vinsetto Fauteuil bureau manager massant pivotant hauteur réglable tissu lin gris,107.9 ,Aosom.fr
"Chaise ergonomique VIRGO, Appui-tête Intégré, Accoudoirs, Noir",194.48 ,Chaisepro.fr
Herman Miller Chaise de bureau Verus Triflex,582.0 ,Herman Miller FR Official Store
INSPERO Siège de bureau haut de gamme,617.9 ,hjh-office.fr
SONGMICS Chaise de bureau ergonomique pivotant et réglable,64.68 ,songmics.fr
Fauteuil de bureau Wigan en vèritable Cuir ajustable et pivotant Marron clair,269.79 ,Leroy Merlin
Fauteuil Ergonomique Q-Connect Palermo Maille Base Nylon Hauteur Max 1300MM Largeur 630MM Prof 680MM Noir et Blanc,149.99 ,ibureau72.com
Kqueo Chaise ergonomique de bureau TERRANA en mousse et maille avec / noire,389.0 ,KQUEO
IKEA FLINTAN chaise de bureau,69.99 ,IKEA
Chaise de Bureau Fauteuil de Bureau Ergonomique pour Ordinateur,104.99 ,Castorama
Fauteuil de bureau ergonomique avec repose-pieds extensible synthétique noir BUR10171,304.95 ,Rakuten - Decoshop26
sklum.com Chaise De Bureau Avec Roulettes Et Appui-tête Teill Black,133.27 ,ManoMano.fr
Hinomi H1 Pro Chaise de Bureau Ergonomique Avec Appui-tête et Repose-pieds,659.0 ,Hinomi EU
CLP Fauteuil de bureau ergonomique Norfolk avec Dossier et Appuie-tête ajustables,614.9 ,planetedumobilier.fr
Topstar fauteuil de bureau Ergo net AN800G260,144.9 ,Contorion.fr
Fauteuil de bureau Waytex Kintana,199.0 ,Fnac
Steelcase Chaise de bureau ergonomique en tissu 68 x 56.5 x 99,1069.0 ,Steelcase FR
Manutan siège De Bureau noir lena,173.64 ,manutan.fr/fr/maf
Chaise ergonomique PERCKO,474.05 ,MEGA Dental
Piqueras y Crespo Chaise de Bureau Ergonomique Alfera Synchro Mesh 394SM840B,315.82 ,ManoMano.fr
Homcom Chaise de bureau manager ergonomique style Chesterfield métal chromé synthétique camel,109.9 ,BUT Marketplace
REKT OFFICE-R Mesh Edition Chaise Gamer,499.0 ,REKT
Chaise de bureau ergonomique Actiu Tnk Flex,730.4 ,Leroy Merlin
Vinsetto Fauteuil de bureau manager repose-pied coussin lombaires gris,139.9 ,Amazon.fr - Seller
ML-Design Chaise de bureau gaming ergonomique pivotant en maille appui-tête réglable,85.02 ,Rue du Commerce Marketplace
FlexiSpot Mesh respirante Entièrement réglable,299.99 ,FlexiSpot France
Goobuy Chaise Bureau Ergonomique Hauteur et Appui tête Réglable,169.99 ,Cdiscount Marketplace
SONGMICS Chaise de Bureau Dossier Ergonomique Réglable en Hauteur Accoudoirs Rabattables,94.99 ,Maisons du Monde Marketplace
"Atmosphera Chaise de bureau ""Ayati",96.99 ,La Redoute
Piqueras y Crespo Elche CP Chaise Bali Marron Bras Fixes Roues,178.49 ,ManoMano.fr
Chaise De Bureau Douce En Velours,94.99 ,Conforama
Hbada J3 Chaise de Bureau avec Accoudoirs Pliables et Support Lombaire pour É,139.99 ,Amazon.fr - Seller
